"Start Time","Type","Latency","Code"
1603858605023,POST,491,500
1603858605514,GET,36,500
1603858605550,GET,47,500
1603858605597,GET,53,500
1603858605650,GET,51,500
1603858605701,GET,42,500
1603858605023,POST,510,500
1603858605533,GET,39,500
1603858605572,GET,68,500
1603858605640,GET,47,500
1603858605687,GET,45,500
1603858605732,GET,50,500
1603858605023,POST,489,500
1603858605512,GET,41,500
1603858605553,GET,47,500
1603858605600,GET,49,500
1603858605649,GET,55,500
1603858605704,GET,42,500
1603858605023,POST,513,500
1603858605536,GET,59,500
1603858605595,GET,55,500
1603858605650,GET,38,500
1603858605688,GET,185,500
1603858605873,GET,187,500
1603858605023,POST,487,500
1603858605510,GET,41,500
1603858605551,GET,45,500
1603858605596,GET,54,500
1603858605650,GET,50,500
1603858605700,GET,49,500
1603858605024,POST,508,500
1603858605532,GET,60,500
1603858605592,GET,43,500
1603858605635,GET,49,500
1603858605684,GET,42,500
1603858605726,GET,51,500
1603858605026,POST,491,500
1603858605517,GET,38,500
1603858605555,GET,42,500
1603858605597,GET,64,500
1603858605661,GET,42,500
1603858605703,GET,46,500
1603858605026,POST,511,500
1603858605537,GET,54,500
1603858605591,GET,44,500
1603858605635,GET,66,500
1603858605701,GET,48,500
1603858605749,GET,92,500
1603858605027,POST,510,500
1603858605537,GET,53,500
1603858605590,GET,66,500
1603858605656,GET,43,500
1603858605699,GET,40,500
1603858605739,GET,161,500
1603858605027,POST,493,500
1603858605520,GET,33,500
1603858605553,GET,44,500
1603858605597,GET,69,500
1603858605666,GET,43,500
1603858605709,GET,43,500
1603858605028,POST,500,500
1603858605528,GET,38,500
1603858605566,GET,50,500
1603858605616,GET,57,500
1603858605673,GET,57,500
1603858605730,GET,52,500
1603858605033,POST,505,500
1603858605538,GET,54,500
1603858605592,GET,58,500
1603858605650,GET,65,500
1603858605715,GET,119,500
1603858605834,GET,112,500
1603858605033,POST,479,500
1603858605512,GET,42,500
1603858605554,GET,46,500
1603858605600,GET,64,500
1603858605664,GET,51,500
1603858605715,GET,119,500
1603858605034,POST,496,500
1603858605530,GET,43,500
1603858605573,GET,82,500
1603858605655,GET,44,500
1603858605699,GET,45,500
1603858605744,GET,58,500
1603858605056,POST,467,500
1603858605523,GET,38,500
1603858605561,GET,59,500
1603858605620,GET,49,500
1603858605669,GET,41,500
1603858605710,GET,42,500
1603858605056,POST,471,500
1603858605527,GET,42,500
1603858605569,GET,51,500
1603858605620,GET,80,500
1603858605700,GET,38,500
1603858605738,GET,180,500
1603858605061,POST,444,500
1603858605505,GET,34,500
1603858605539,GET,54,500
1603858605593,GET,42,500
1603858605635,GET,49,500
1603858605684,GET,45,500
1603858605062,POST,462,500
1603858605524,GET,39,500
1603858605563,GET,50,500
1603858605613,GET,56,500
1603858605669,GET,42,500
1603858605711,GET,41,500
1603858605062,POST,457,500
1603858605519,GET,37,500
1603858605556,GET,45,500
1603858605601,GET,45,500
1603858605646,GET,41,500
1603858605687,GET,46,500
1603858605065,POST,445,500
1603858605510,GET,37,500
1603858605547,GET,50,500
1603858605597,GET,39,500
1603858605636,GET,48,500
1603858605684,GET,45,500
1603858605065,POST,462,500
1603858605527,GET,39,500
1603858605566,GET,60,500
1603858605626,GET,49,500
1603858605675,GET,54,500
1603858605729,GET,48,500
1603858605076,POST,446,500
1603858605522,GET,40,500
1603858605562,GET,49,500
1603858605611,GET,57,500
1603858605668,GET,47,500
1603858605715,GET,145,500
1603858605083,POST,430,500
1603858605513,GET,42,500
1603858605555,GET,46,500
1603858605601,GET,58,500
1603858605659,GET,44,500
1603858605703,GET,36,500
1603858605084,POST,430,500
1603858605514,GET,36,500
1603858605550,GET,48,500
1603858605598,GET,39,500
1603858605637,GET,47,500
1603858605684,GET,54,500
1603858605086,POST,445,500
1603858605531,GET,42,500
1603858605573,GET,61,500
1603858605634,GET,49,500
1603858605683,GET,47,500
1603858605730,GET,53,500
1603858605086,POST,430,500
1603858605516,GET,44,500
1603858605560,GET,51,500
1603858605611,GET,56,500
1603858605667,GET,42,500
1603858605709,GET,126,500
1603858605087,POST,435,500
1603858605522,GET,50,500
1603858605572,GET,50,500
1603858605622,GET,53,500
1603858605675,GET,50,500
1603858605725,GET,55,500
1603858605087,POST,424,500
1603858605511,GET,36,500
1603858605547,GET,46,500
1603858605593,GET,44,500
1603858605637,GET,51,500
1603858605688,GET,55,500
1603858605088,POST,414,500
1603858605502,GET,40,500
1603858605542,GET,53,500
1603858605595,GET,43,500
1603858605638,GET,65,500
1603858605703,GET,46,500
1603858605088,POST,430,500
1603858605518,GET,40,500
1603858605558,GET,43,500
1603858605601,GET,47,500
1603858605648,GET,56,500
1603858605704,GET,41,500
1603858605088,POST,431,500
1603858605519,GET,43,500
1603858605562,GET,51,500
1603858605613,GET,47,500
1603858605660,GET,43,500
1603858605703,GET,43,500
1603858605089,POST,437,500
1603858605526,GET,46,500
1603858605572,GET,47,500
1603858605619,GET,57,500
1603858605676,GET,54,500
1603858605731,GET,50,500
1603858605089,POST,410,500
1603858605499,GET,39,500
1603858605538,GET,52,500
1603858605590,GET,35,500
1603858605625,GET,60,500
1603858605685,GET,50,500
1603858605092,POST,426,500
1603858605518,GET,43,500
1603858605561,GET,53,500
1603858605614,GET,58,500
1603858605672,GET,39,500
1603858605711,GET,123,500
1603858605101,POST,418,500
1603858605519,GET,74,500
1603858605593,GET,41,500
1603858605634,GET,51,500
1603858605685,GET,47,500
1603858605732,GET,193,500
1603858605102,POST,413,500
1603858605515,GET,41,500
1603858605556,GET,45,500
1603858605601,GET,57,500
1603858605658,GET,41,500
1603858605699,GET,44,500
1603858605104,POST,412,500
1603858605516,GET,41,500
1603858605557,GET,42,500
1603858605599,GET,60,500
1603858605659,GET,45,500
1603858605704,GET,43,500
1603858605106,POST,423,500
1603858605529,GET,48,500
1603858605577,GET,57,500
1603858605634,GET,49,500
1603858605683,GET,38,500
1603858605721,GET,56,500
1603858605106,POST,408,500
1603858605514,GET,46,500
1603858605560,GET,51,500
1603858605611,GET,55,500
1603858605666,GET,45,500
1603858605711,GET,124,500
1603858605109,POST,406,500
1603858605515,GET,43,500
1603858605558,GET,49,500
1603858605607,GET,41,500
1603858605648,GET,56,500
1603858605704,GET,104,500
1603858605109,POST,412,500
1603858605521,GET,45,500
1603858605566,GET,51,500
1603858605617,GET,57,500
1603858605674,GET,51,500
1603858605725,GET,125,500
1603858605110,POST,414,500
1603858605524,GET,37,500
1603858605561,GET,56,500
1603858605617,GET,59,500
1603858605676,GET,53,500
1603858605729,GET,121,500
1603858605110,POST,421,500
1603858605531,GET,46,500
1603858605577,GET,49,500
1603858605626,GET,50,500
1603858605676,GET,53,500
1603858605729,GET,48,500
1603858605111,POST,421,500
1603858605532,GET,41,500
1603858605573,GET,56,500
1603858605629,GET,43,500
1603858605672,GET,43,500
1603858605715,GET,120,500
1603858605112,POST,399,500
1603858605511,GET,43,500
1603858605554,GET,44,500
1603858605598,GET,40,500
1603858605638,GET,48,500
1603858605686,GET,44,500
1603858605113,POST,416,500
1603858605529,GET,39,500
1603858605568,GET,47,500
1603858605615,GET,59,500
1603858605674,GET,46,500
1603858605720,GET,115,500
1603858605114,POST,411,500
1603858605525,GET,35,500
1603858605560,GET,59,500
1603858605619,GET,53,500
1603858605672,GET,38,500
1603858605710,GET,123,500
1603858605115,POST,401,500
1603858605516,GET,38,500
1603858605554,GET,40,500
1603858605594,GET,51,500
1603858605645,GET,40,500
1603858605685,GET,50,500
1603858605115,POST,384,500
1603858605499,GET,46,500
1603858605545,GET,49,500
1603858605594,GET,52,500
1603858605646,GET,56,500
1603858605702,GET,74,500
1603858605118,POST,405,500
1603858605523,GET,40,500
1603858605563,GET,59,500
1603858605622,GET,61,500
1603858605683,GET,49,500
1603858605732,GET,51,500
1603858605121,POST,400,500
1603858605521,GET,39,500
1603858605560,GET,94,500
1603858605654,GET,45,500
1603858605699,GET,38,500
1603858605737,GET,182,500
1603858605122,POST,408,500
1603858605530,GET,37,500
1603858605567,GET,55,500
1603858605622,GET,47,500
1603858605669,GET,45,500
1603858605714,GET,121,500
1603858605126,POST,399,500
1603858605525,GET,41,500
1603858605566,GET,53,500
1603858605619,GET,43,500
1603858605662,GET,48,500
1603858605710,GET,124,500
1603858605128,POST,410,500
1603858605538,GET,53,500
1603858605591,GET,45,500
1603858605636,GET,65,500
1603858605701,GET,37,500
1603858605738,GET,181,500
1603858605129,POST,399,500
1603858605528,GET,39,500
1603858605567,GET,55,500
1603858605622,GET,53,500
1603858605675,GET,50,500
1603858605725,GET,110,500
1603858605129,POST,408,500
1603858605537,GET,40,500
1603858605577,GET,49,500
1603858605626,GET,49,500
1603858605675,GET,54,500
1603858605729,GET,120,500
1603858605131,POST,373,500
1603858605504,GET,35,500
1603858605539,GET,51,500
1603858605590,GET,56,500
1603858605646,GET,58,500
1603858605704,GET,41,500
1603858605132,POST,371,500
1603858605503,GET,47,500
1603858605550,GET,44,500
1603858605594,GET,52,500
1603858605646,GET,54,500
1603858605700,GET,49,500
1603858605133,POST,384,500
1603858605517,GET,40,500
1603858605557,GET,53,500
1603858605610,GET,43,500
1603858605653,GET,47,500
1603858605700,GET,37,500
1603858605134,POST,405,500
1603858605539,GET,53,500
1603858605592,GET,45,500
1603858605637,GET,47,500
1603858605684,GET,47,500
1603858605731,GET,51,500
1603858605134,POST,386,500
1603858605520,GET,42,500
1603858605562,GET,53,500
1603858605615,GET,54,500
1603858605669,GET,42,500
1603858605711,GET,122,500
1603858605137,POST,376,500
1603858605513,GET,40,500
1603858605553,GET,48,500
1603858605601,GET,44,500
1603858605645,GET,42,500
1603858605687,GET,44,500
1603858605138,POST,388,500
1603858605526,GET,45,500
1603858605571,GET,51,500
1603858605622,GET,46,500
1603858605668,GET,42,500
1603858605710,GET,43,500
1603858605140,POST,377,500
1603858605517,GET,44,500
1603858605561,GET,49,500
1603858605610,GET,55,500
1603858605665,GET,44,500
1603858605709,GET,42,500
1603858605735,POST,165,500
1603858605900,GET,195,500
1603858606095,GET,291,500
1603858606386,GET,244,500
1603858606630,GET,194,500
1603858606824,GET,1221,500
1603858605735,POST,165,500
1603858605900,GET,157,500
1603858606057,GET,233,500
1603858606290,GET,165,500
1603858606455,GET,151,500
1603858606606,GET,223,500
1603858605735,POST,47,500
1603858605782,GET,100,500
1603858605882,GET,145,500
1603858606027,GET,111,500
1603858606138,GET,263,500
1603858606401,GET,137,500
1603858605736,POST,189,500
1603858605925,GET,270,500
1603858606195,GET,204,500
1603858606399,GET,204,500
1603858606603,GET,185,500
1603858606788,GET,1263,500
1603858605736,POST,185,500
1603858605921,GET,164,500
1603858606085,GET,200,500
1603858606285,GET,164,500
1603858606449,GET,210,500
1603858606659,GET,211,500
1603858605736,POST,46,500
1603858605782,GET,118,500
1603858605900,GET,155,500
1603858606055,GET,279,500
1603858606334,GET,192,500
1603858606526,GET,185,500
1603858605736,POST,191,500
1603858605927,GET,213,500
1603858606140,GET,125,500
1603858606265,GET,181,500
1603858606446,GET,102,500
1603858606548,GET,212,500
1603858605737,POST,183,500
1603858605920,GET,222,500
1603858606142,GET,192,500
1603858606334,GET,213,500
1603858606547,GET,219,500
1603858606766,GET,1282,500
1603858605738,POST,180,500
1603858605918,GET,336,500
1603858606254,GET,203,500
1603858606457,GET,117,500
1603858606574,GET,227,500
1603858606801,GET,1266,500
1603858605738,POST,180,500
1603858605918,GET,168,500
1603858606086,GET,175,500
1603858606261,GET,160,500
1603858606421,GET,182,500
1603858606603,GET,222,500
1603858605739,POST,180,500
1603858605919,GET,148,500
1603858606067,GET,192,500
1603858606259,GET,249,500
1603858606508,GET,258,500
1603858606766,GET,163,500
1603858605739,POST,181,500
1603858605920,GET,134,500
1603858606054,GET,286,500
1603858606340,GET,271,500
1603858606611,GET,222,500
1603858606833,GET,1234,500
1603858605739,POST,187,500
1603858605926,GET,235,500
1603858606161,GET,231,500
1603858606392,GET,245,500
1603858606637,GET,169,500
1603858606806,GET,1236,500
1603858605739,POST,183,500
1603858605922,GET,235,500
1603858606157,GET,122,500
1603858606279,GET,120,500
1603858606399,GET,150,500
1603858606549,GET,181,500
1603858605740,POST,181,500
1603858605921,GET,238,500
1603858606159,GET,130,500
1603858606289,GET,165,500
1603858606454,GET,154,500
1603858606608,GET,215,500
1603858605740,POST,177,500
1603858605917,GET,113,500
1603858606030,GET,108,500
1603858606138,GET,147,500
1603858606285,GET,227,500
1603858606512,GET,253,500
1603858605740,POST,188,500
1603858605928,GET,247,500
1603858606175,GET,154,500
1603858606329,GET,218,500
1603858606547,GET,149,500
1603858606696,GET,168,500
1603858605741,POST,179,500
1603858605920,GET,218,500
1603858606138,GET,228,500
1603858606366,GET,295,500
1603858606661,GET,217,500
1603858606878,GET,59,500
1603858605741,POST,185,500
1603858605926,GET,275,500
1603858606201,GET,247,500
1603858606448,GET,89,500
1603858606537,GET,186,500
1603858606723,GET,1326,500
1603858605741,POST,187,500
1603858605928,GET,280,500
1603858606208,GET,285,500
1603858606493,GET,295,500
1603858606788,GET,100,500
1603858606888,GET,1178,500
1603858605741,POST,180,500
1603858605921,GET,300,500
1603858606221,GET,300,500
1603858606521,GET,201,500
1603858606722,GET,1324,500
1603858608046,GET,69,500
1603858605741,POST,158,500
1603858605899,GET,101,500
1603858606000,GET,195,500
1603858606195,GET,314,500
1603858606509,GET,260,500
1603858606769,GET,124,500
1603858605742,POST,158,500
1603858605900,GET,208,500
1603858606108,GET,215,500
1603858606323,GET,127,500
1603858606450,GET,98,500
1603858606548,GET,149,500
1603858605742,POST,189,500
1603858605931,GET,254,500
1603858606185,GET,365,500
1603858606550,GET,154,500
1603858606704,GET,183,500
1603858606887,GET,1178,500
1603858605742,POST,316,500
1603858606058,GET,278,500
1603858606336,GET,243,500
1603858606579,GET,250,500
1603858606829,GET,1211,500
1603858608040,GET,77,500
1603858605743,POST,170,500
1603858605913,GET,100,500
1603858606013,GET,347,500
1603858606360,GET,317,500
1603858606677,GET,193,500
1603858606870,GET,68,500
1603858605745,POST,56,500
1603858605801,GET,162,500
1603858605963,GET,254,500
1603858606217,GET,232,500
1603858606449,GET,77,500
1603858606526,GET,208,500
1603858605746,POST,58,500
1603858605804,GET,167,500
1603858605971,GET,135,500
1603858606106,GET,223,500
1603858606329,GET,345,500
1603858606674,GET,183,500
1603858605747,POST,94,500
1603858605841,GET,172,500
1603858606013,GET,127,500
1603858606140,GET,125,500
1603858606265,GET,257,500
1603858606522,GET,174,500
1603858605747,POST,97,500
1603858605844,GET,261,500
1603858606105,GET,229,500
1603858606334,GET,203,500
1603858606537,GET,205,500
1603858606742,GET,1314,500
1603858605747,POST,66,500
1603858605813,GET,145,500
1603858605958,GET,293,500
1603858606251,GET,203,500
1603858606454,GET,214,500
1603858606668,GET,189,500
1603858605747,POST,91,500
1603858605838,GET,301,500
1603858606139,GET,190,500
1603858606329,GET,325,500
1603858606654,GET,229,500
1603858606883,GET,1176,500
1603858605747,POST,69,500
1603858605816,GET,154,500
1603858605970,GET,231,500
1603858606201,GET,245,500
1603858606446,GET,161,500
1603858606607,GET,190,500
1603858605748,POST,113,500
1603858605861,GET,171,500
1603858606032,GET,163,500
1603858606195,GET,298,500
1603858606493,GET,237,500
1603858606730,GET,1314,500
1603858605748,POST,54,500
1603858605802,GET,196,500
1603858605998,GET,183,500
1603858606181,GET,210,500
1603858606391,GET,217,500
1603858606608,GET,183,500
1603858605748,POST,69,500
1603858605817,GET,177,500
1603858605994,GET,165,500
1603858606159,GET,185,500
1603858606344,GET,221,500
1603858606565,GET,163,500
1603858605748,POST,91,500
1603858605839,GET,170,500
1603858606009,GET,167,500
1603858606176,GET,72,500
1603858606248,GET,253,500
1603858606501,GET,130,500
1603858605749,POST,61,500
1603858605810,GET,257,500
1603858606067,GET,231,500
1603858606298,GET,156,500
1603858606454,GET,152,500
1603858606606,GET,196,500
1603858605749,POST,55,500
1603858605804,GET,130,500
1603858605934,GET,279,500
1603858606213,GET,238,500
1603858606451,GET,189,500
1603858606640,GET,186,500
1603858605749,POST,67,500
1603858605816,GET,156,500
1603858605972,GET,202,500
1603858606174,GET,182,500
1603858606356,GET,289,500
1603858606645,GET,177,500
1603858605750,POST,69,500
1603858605819,GET,299,500
1603858606118,GET,179,500
1603858606297,GET,177,500
1603858606474,GET,220,500
1603858606694,GET,162,500
1603858605750,POST,55,500
1603858605805,GET,194,500
1603858605999,GET,136,500
1603858606135,GET,155,500
1603858606290,GET,231,500
1603858606521,GET,176,500
1603858605750,POST,60,500
1603858605810,GET,207,500
1603858606017,GET,119,500
1603858606136,GET,231,500
1603858606367,GET,213,500
1603858606580,GET,211,500
1603858605750,POST,67,500
1603858605817,GET,277,500
1603858606094,GET,164,500
1603858606258,GET,249,500
1603858606507,GET,261,500
1603858606768,GET,124,500
1603858605750,POST,67,500
1603858605817,GET,183,500
1603858606000,GET,206,500
1603858606206,GET,250,500
1603858606456,GET,92,500
1603858606548,GET,182,500
1603858605750,POST,110,500
1603858605860,GET,200,500
1603858606060,GET,320,500
1603858606380,GET,184,500
1603858606564,GET,203,500
1603858606767,GET,135,500
1603858605750,POST,76,500
1603858605826,GET,172,500
1603858605998,GET,139,500
1603858606137,GET,217,500
1603858606354,GET,251,500
1603858606605,GET,198,500
1603858605751,POST,109,500
1603858605860,GET,170,500
1603858606030,GET,153,500
1603858606183,GET,180,500
1603858606363,GET,239,500
1603858606602,GET,132,500
1603858605751,POST,92,500
1603858605843,GET,232,500
1603858606075,GET,173,500
1603858606248,GET,235,500
1603858606483,GET,239,500
1603858606722,GET,1333,500
1603858605751,POST,88,500
1603858605839,GET,158,500
1603858605997,GET,205,500
1603858606202,GET,254,500
1603858606456,GET,189,500
1603858606645,GET,160,500
1603858605752,POST,60,500
1603858605812,GET,169,500
1603858605981,GET,219,500
1603858606200,GET,247,500
1603858606447,GET,213,500
1603858606660,GET,191,500
1603858605752,POST,90,500
1603858605842,GET,217,500
1603858606059,GET,322,500
1603858606381,GET,223,500
1603858606604,GET,164,500
1603858606768,GET,1281,500
1603858605752,POST,57,500
1603858605809,GET,193,500
1603858606002,GET,181,500
1603858606183,GET,147,500
1603858606330,GET,272,500
1603858606602,GET,205,500
1603858605752,POST,63,500
1603858605815,GET,304,500
1603858606119,GET,225,500
1603858606344,GET,206,500
1603858606550,GET,183,500
1603858606733,GET,171,500
1603858605752,POST,95,500
1603858605847,GET,212,500
1603858606059,GET,288,500
1603858606347,GET,224,500
1603858606571,GET,253,500
1603858606824,GET,1222,500
1603858605753,POST,85,500
1603858605838,GET,251,500
1603858606089,GET,185,500
1603858606274,GET,214,500
1603858606488,GET,272,500
1603858606760,GET,143,500
1603858605753,POST,86,500
1603858605839,GET,227,500
1603858606066,GET,280,500
1603858606346,GET,259,500
1603858606605,GET,177,500
1603858606782,GET,1269,500
1603858605753,POST,60,500
1603858605813,GET,147,500
1603858605960,GET,248,500
1603858606208,GET,275,500
1603858606483,GET,239,500
1603858606722,GET,1333,500
1603858605754,POST,240,500
1603858605994,GET,237,500
1603858606231,GET,218,500
1603858606449,GET,205,500
1603858606654,GET,169,500
1603858606823,GET,1227,500
1603858605754,POST,77,500
1603858605831,GET,183,500
1603858606014,GET,91,500
1603858606105,GET,225,500
1603858606330,GET,346,500
1603858606676,GET,1370,500
1603858605754,POST,84,500
1603858605838,GET,242,500
1603858606080,GET,198,500
1603858606278,GET,229,500
1603858606507,GET,234,500
1603858606741,GET,151,500
1603858605754,POST,106,500
1603858605860,GET,218,500
1603858606078,GET,265,500
1603858606343,GET,307,500
1603858606650,GET,174,500
1603858606824,GET,1240,500
1603858605754,POST,217,500
1603858605971,GET,272,500
1603858606243,GET,264,500
1603858606507,GET,252,500
1603858606759,GET,1291,500
1603858608050,GET,70,500
1603858605755,POST,104,500
1603858605859,GET,236,500
1603858606095,GET,225,500
1603858606320,GET,136,500
1603858606456,GET,225,500
1603858606681,GET,175,500
1603858605755,POST,50,500
1603858605805,GET,188,500
1603858605993,GET,148,500
1603858606141,GET,381,500
1603858606522,GET,208,500
1603858606730,GET,143,500
1603858605755,POST,70,500
1603858605825,GET,177,500
1603858606002,GET,174,500
1603858606176,GET,113,500
1603858606289,GET,111,500
1603858606400,GET,248,500
1603858605755,POST,58,500
1603858605813,GET,143,500
1603858605956,GET,202,500
1603858606158,GET,196,500
1603858606354,GET,254,500
1603858606608,GET,213,500
1603858605755,POST,60,500
1603858605815,GET,129,500
1603858605944,GET,236,500
1603858606180,GET,94,500
1603858606274,GET,127,500
1603858606401,GET,229,500
1603858605756,POST,91,500
1603858605847,GET,211,500
1603858606058,GET,212,500
1603858606270,GET,222,500
1603858606492,GET,211,500
1603858606703,GET,137,500
1603858605756,POST,191,500
1603858605947,GET,255,500
1603858606202,GET,253,500
1603858606455,GET,115,500
1603858606570,GET,199,500
1603858606769,GET,1282,500
1603858605756,POST,83,500
1603858605839,GET,215,500
1603858606054,GET,320,500
1603858606374,GET,165,500
1603858606539,GET,172,500
1603858606711,GET,140,500
1603858605756,POST,82,500
1603858605838,GET,263,500
1603858606101,GET,193,500
1603858606294,GET,228,500
1603858606522,GET,247,500
1603858606769,GET,124,500
1603858605758,POST,55,500
1603858605813,GET,322,500
1603858606135,GET,118,500
1603858606253,GET,255,500
1603858606508,GET,196,500
1603858606704,GET,153,500
1603858605758,POST,241,500
1603858605999,GET,147,500
1603858606146,GET,209,500
1603858606355,GET,203,500
1603858606558,GET,83,500
1603858606641,GET,184,500
1603858605758,POST,189,500
1603858605947,GET,196,500
1603858606143,GET,233,500
1603858606376,GET,231,500
1603858606607,GET,204,500
1603858606811,GET,1243,500
1603858605768,POST,181,500
1603858605949,GET,242,500
1603858606191,GET,322,500
1603858606513,GET,189,500
1603858606702,GET,1355,500
1603858608057,GET,63,500
1603858605768,POST,261,500
1603858606029,GET,177,500
1603858606206,GET,299,500
1603858606505,GET,254,500
1603858606759,GET,138,500
1603858606897,GET,1145,500
1603858605769,POST,67,500
1603858605836,GET,163,500
1603858605999,GET,220,500
1603858606219,GET,194,500
1603858606413,GET,228,500
1603858606641,GET,127,500
1603858605769,POST,67,500
1603858605836,GET,238,500
1603858606074,GET,339,500
1603858606413,GET,166,500
1603858606579,GET,188,500
1603858606767,GET,1280,500
1603858605769,POST,207,500
1603858605976,GET,224,500
1603858606200,GET,283,500
1603858606483,GET,283,500
1603858606766,GET,1282,500
1603858608048,GET,71,500
1603858605769,POST,179,500
1603858605948,GET,236,500
1603858606184,GET,209,500
1603858606393,GET,164,500
1603858606557,GET,203,500
1603858606760,GET,1293,500
1603858605769,POST,56,500
1603858605825,GET,154,500
1603858605979,GET,150,500
1603858606129,GET,174,500
1603858606303,GET,82,500
1603858606385,GET,182,500
1603858605769,POST,62,500
1603858605831,GET,167,500
1603858605998,GET,121,500
1603858606119,GET,150,500
1603858606269,GET,227,500
1603858606496,GET,138,500
1603858605770,POST,91,500
1603858605861,GET,168,500
1603858606029,GET,107,500
1603858606136,GET,201,500
1603858606337,GET,317,500
1603858606654,GET,168,500
1603858605770,POST,240,500
1603858606010,GET,127,500
1603858606137,GET,207,500
1603858606344,GET,316,500
1603858606660,GET,210,500
1603858606870,GET,1185,500
1603858605770,POST,77,500
1603858605847,GET,240,500
1603858606087,GET,197,500
1603858606284,GET,79,500
1603858606363,GET,297,500
1603858606660,GET,214,500
1603858605770,POST,305,500
1603858606075,GET,220,500
1603858606295,GET,162,500
1603858606457,GET,98,500
1603858606555,GET,144,500
1603858606699,GET,164,500
1603858605770,POST,73,500
1603858605843,GET,298,500
1603858606141,GET,128,500
1603858606269,GET,178,500
1603858606447,GET,213,500
1603858606660,GET,204,500
1603858605770,POST,76,500
1603858605846,GET,164,500
1603858606010,GET,179,500
1603858606189,GET,210,500
1603858606399,GET,148,500
1603858606547,GET,157,500
1603858605770,POST,82,500
1603858605852,GET,238,500
1603858606090,GET,188,500
1603858606278,GET,208,500
1603858606486,GET,256,500
1603858606742,GET,1303,500
1603858605770,POST,74,500
1603858605844,GET,173,500
1603858606017,GET,216,500
1603858606233,GET,180,500
1603858606413,GET,139,500
1603858606552,GET,159,500
1603858605771,POST,71,500
1603858605842,GET,106,500
1603858605948,GET,191,500
1603858606139,GET,261,500
1603858606400,GET,208,500
1603858606608,GET,161,500
1603858605771,POST,257,500
1603858606028,GET,177,500
1603858606205,GET,281,500
1603858606486,GET,247,500
1603858606733,GET,198,500
1603858606931,GET,1187,500
1603858605771,POST,319,500
1603858606090,GET,251,500
1603858606341,GET,270,500
1603858606611,GET,191,500
1603858606802,GET,1264,500
1603858608066,GET,68,500
1603858605771,POST,90,500
1603858605861,GET,240,500
1603858606101,GET,229,500
1603858606330,GET,254,500
1603858606584,GET,184,500
1603858606768,GET,124,500
1603858605771,POST,91,500
1603858605862,GET,279,500
1603858606141,GET,204,500
1603858606345,GET,313,500
1603858606658,GET,189,500
1603858606847,GET,88,500
1603858605771,POST,89,500
1603858605860,GET,173,500
1603858606033,GET,175,500
1603858606208,GET,247,500
1603858606455,GET,186,500
1603858606641,GET,183,500
1603858605771,POST,257,500
1603858606028,GET,132,500
1603858606160,GET,119,500
1603858606279,GET,244,500
1603858606523,GET,205,500
1603858606728,GET,160,500
1603858605772,POST,90,500
1603858605862,GET,163,500
1603858606025,GET,309,500
1603858606334,GET,246,500
1603858606580,GET,246,500
1603858606826,GET,1230,500
1603858605772,POST,317,500
1603858606089,GET,267,500
1603858606356,GET,339,500
1603858606695,GET,153,500
1603858606848,GET,1220,500
1603858608068,GET,53,500
1603858605772,POST,70,500
1603858605842,GET,224,500
1603858606066,GET,275,500
1603858606341,GET,208,500
1603858606549,GET,84,500
1603858606633,GET,135,500
1603858605772,POST,204,500
1603858605976,GET,166,500
1603858606142,GET,129,500
1603858606271,GET,177,500
1603858606448,GET,137,500
1603858606585,GET,239,500
1603858605772,POST,175,500
1603858605947,GET,162,500
1603858606109,GET,186,500
1603858606295,GET,105,500
1603858606400,GET,248,500
1603858606648,GET,143,500
1603858605772,POST,323,500
1603858606095,GET,280,500
1603858606375,GET,284,500
1603858606659,GET,233,500
1603858606892,GET,1173,500
1603858608065,GET,51,500
1603858605773,POST,172,500
1603858605945,GET,236,500
1603858606181,GET,114,500
1603858606295,GET,124,500
1603858606419,GET,148,500
1603858606567,GET,202,500
1603858605773,POST,290,500
1603858606063,GET,328,500
1603858606391,GET,220,500
1603858606611,GET,212,500
1603858606823,GET,1218,500
1603858608041,GET,76,500
1603858605774,POST,222,500
1603858605996,GET,210,500
1603858606206,GET,208,500
1603858606414,GET,248,500
1603858606662,GET,177,500
1603858606839,GET,1211,500
1603858605774,POST,85,500
1603858605859,GET,242,500
1603858606101,GET,246,500
1603858606347,GET,327,500
1603858606674,GET,173,500
1603858606847,GET,1199,500
1603858605774,POST,216,500
1603858605990,GET,150,500
1603858606140,GET,139,500
1603858606279,GET,122,500
1603858606401,GET,164,500
1603858606565,GET,164,500
1603858605774,POST,327,500
1603858606101,GET,244,500
1603858606345,GET,330,500
1603858606675,GET,189,500
1603858606864,GET,1182,500
1603858608046,GET,74,500
1603858605774,POST,70,500
1603858605844,GET,247,500
1603858606091,GET,232,500
1603858606323,GET,186,500
1603858606509,GET,256,500
1603858606765,GET,1284,500
1603858605774,POST,80,500
1603858605854,GET,347,500
1603858606201,GET,247,500
1603858606448,GET,159,500
1603858606607,GET,189,500
1603858606796,GET,1256,500
1603858605775,POST,84,500
1603858605859,GET,154,500
1603858606013,GET,96,500
1603858606109,GET,138,500
1603858606247,GET,206,500
1603858606453,GET,216,500
1603858605775,POST,91,500
1603858605866,GET,229,500
1603858606095,GET,268,500
1603858606363,GET,217,500
1603858606580,GET,226,500
1603858606806,GET,1251,500
1603858605775,POST,206,500
1603858605981,GET,158,500
1603858606139,GET,164,500
1603858606303,GET,217,500
1603858606520,GET,320,500
1603858606840,GET,1216,500
1603858605775,POST,304,500
1603858606079,GET,257,500
1603858606336,GET,361,500
1603858606697,GET,144,500
1603858606841,GET,1227,500
1603858608068,GET,66,500
1603858605776,POST,286,500
1603858606062,GET,211,500
1603858606273,GET,174,500
1603858606447,GET,138,500
1603858606585,GET,238,500
1603858606823,GET,1293,500
1603858605776,POST,54,500
1603858605830,GET,103,500
1603858605933,GET,281,500
1603858606214,GET,235,500
1603858606449,GET,157,500
1603858606606,GET,218,500
1603858605776,POST,314,500
1603858606090,GET,249,500
1603858606339,GET,209,500
1603858606548,GET,148,500
1603858606696,GET,151,500
1603858606847,GET,1221,500
1603858605776,POST,81,500
1603858605857,GET,206,500
1603858606063,GET,215,500
1603858606278,GET,142,500
1603858606420,GET,255,500
1603858606675,GET,169,500
1603858605777,POST,148,500
1603858605925,GET,250,500
1603858606175,GET,144,500
1603858606319,GET,157,500
1603858606476,GET,184,500
1603858606660,GET,202,500
1603858605777,POST,279,500
1603858606056,GET,330,500
1603858606386,GET,294,500
1603858606680,GET,190,500
1603858606870,GET,62,500
1603858606932,GET,1111,500
1603858605777,POST,77,500
1603858605854,GET,205,500
1603858606059,GET,322,500
1603858606381,GET,203,500
1603858606584,GET,238,500
1603858606822,GET,1224,500
1603858605777,POST,66,500
1603858605843,GET,252,500
1603858606095,GET,274,500
1603858606369,GET,307,500
1603858606676,GET,208,500
1603858606884,GET,1176,500
1603858605777,POST,156,500
1603858605933,GET,204,500
1603858606137,GET,210,500
1603858606347,GET,238,500
1603858606585,GET,218,500
1603858606803,GET,1247,500
1603858605778,POST,84,500
1603858605862,GET,211,500
1603858606073,GET,287,500
1603858606360,GET,179,500
1603858606539,GET,228,500
1603858606767,GET,1290,500
1603858605778,POST,190,500
1603858605968,GET,212,500
1603858606180,GET,51,500
1603858606231,GET,282,500
1603858606513,GET,316,500
1603858606829,GET,1224,500
1603858605778,POST,312,500
1603858606090,GET,247,500
1603858606337,GET,332,500
1603858606669,GET,170,500
1603858606839,GET,1210,500
1603858608049,GET,70,500
1603858605778,POST,297,500
1603858606075,GET,280,500
1603858606356,GET,216,500
1603858606572,GET,230,500
1603858606802,GET,1265,500
1603858608067,GET,48,500
1603858605778,POST,281,500
1603858606059,GET,288,500
1603858606347,GET,322,500
1603858606669,GET,233,500
1603858606902,GET,1162,500
1603858608064,GET,56,500
1603858605778,POST,221,500
1603858605999,GET,239,500
1603858606238,GET,216,500
1603858606454,GET,195,500
1603858606649,GET,118,500
1603858606767,GET,163,500
1603858605778,POST,203,500
1603858605981,GET,176,500
1603858606157,GET,128,500
1603858606285,GET,237,500
1603858606522,GET,219,500
1603858606741,GET,1317,500
1603858605779,POST,195,500
1603858605974,GET,234,500
1603858606208,GET,298,500
1603858606506,GET,236,500
1603858606742,GET,146,500
1603858606888,GET,1173,500
1603858605779,POST,246,500
1603858606025,GET,228,500
1603858606253,GET,200,500
1603858606453,GET,216,500
1603858606669,GET,261,500
1603858606930,GET,1120,500
1603858605779,POST,166,500
1603858605945,GET,195,500
1603858606140,GET,205,500
1603858606345,GET,261,500
1603858606606,GET,219,500
1603858606825,GET,1229,500
1603858605779,POST,193,500
1603858605972,GET,163,500
1603858606135,GET,263,500
1603858606398,GET,297,500
1603858606695,GET,156,500
1603858606851,GET,1202,500
1603858605779,POST,297,500
1603858606076,GET,226,500
1603858606302,GET,212,500
1603858606514,GET,228,500
1603858606742,GET,187,500
1603858606929,GET,1134,500
1603858605780,POST,163,500
1603858605943,GET,241,500
1603858606184,GET,145,500
1603858606329,GET,221,500
1603858606550,GET,172,500
1603858606722,GET,180,500
1603858605782,POST,76,500
1603858605858,GET,236,500
1603858606094,GET,299,500
1603858606393,GET,179,500
1603858606572,GET,268,500
1603858606840,GET,1207,500
1603858605783,POST,63,500
1603858605846,GET,186,500
1603858606032,GET,168,500
1603858606200,GET,257,500
1603858606457,GET,224,500
1603858606681,GET,189,500
1603858605783,POST,106,500
1603858605889,GET,125,500
1603858606014,GET,211,500
1603858606225,GET,282,500
1603858606507,GET,215,500
1603858606722,GET,208,500
1603858605783,POST,212,500
1603858605995,GET,223,500
1603858606218,GET,233,500
1603858606451,GET,81,500
1603858606532,GET,237,500
1603858606769,GET,1295,500
1603858605783,POST,303,500
1603858606086,GET,253,500
1603858606339,GET,265,500
1603858606604,GET,199,500
1603858606803,GET,1315,500
1603858608118,GET,114,500
1603858605783,POST,74,500
1603858605857,GET,284,500
1603858606141,GET,144,500
1603858606285,GET,161,500
1603858606446,GET,157,500
1603858606603,GET,236,500
1603858605784,POST,72,500
1603858605856,GET,170,500
1603858606026,GET,112,500
1603858606138,GET,248,500
1603858606386,GET,195,500
1603858606581,GET,220,500
1603858605784,POST,81,500
1603858605865,GET,220,500
1603858606085,GET,204,500
1603858606289,GET,111,500
1603858606400,GET,126,500
1603858606526,GET,205,500
1603858605784,POST,71,500
1603858605855,GET,250,500
1603858606105,GET,264,500
1603858606369,GET,291,500
1603858606660,GET,203,500
1603858606863,GET,1184,500
1603858605784,POST,72,500
1603858605856,GET,202,500
1603858606058,GET,354,500
1603858606412,GET,161,500
1603858606573,GET,248,500
1603858606821,GET,1222,500
1603858605784,POST,79,500
1603858605863,GET,337,500
1603858606200,GET,296,500
1603858606496,GET,208,500
1603858606704,GET,136,500
1603858606840,GET,1203,500
1603858605784,POST,83,500
1603858605867,GET,357,500
1603858606224,GET,175,500
1603858606399,GET,205,500
1603858606604,GET,218,500
1603858606822,GET,1228,500
1603858605785,POST,60,500
1603858605845,GET,213,500
1603858606058,GET,244,500
1603858606302,GET,153,500
1603858606455,GET,220,500
1603858606675,GET,1375,500
1603858605785,POST,83,500
1603858605868,GET,146,500
1603858606014,GET,125,500
1603858606139,GET,216,500
1603858606355,GET,209,500
1603858606564,GET,133,500
1603858605785,POST,290,500
1603858606075,GET,255,500
1603858606330,GET,204,500
1603858606534,GET,169,500
1603858606703,GET,161,500
1603858606864,GET,1193,500
1603858605785,POST,85,500
1603858605870,GET,155,500
1603858606025,GET,254,500
1603858606279,GET,193,500
1603858606472,GET,112,500
1603858606584,GET,137,500
1603858605785,POST,224,500
1603858606009,GET,132,500
1603858606141,GET,215,500
1603858606356,GET,250,500
1603858606606,GET,191,500
1603858606797,GET,1249,500
1603858605785,POST,79,500
1603858605864,GET,245,500
1603858606109,GET,150,500
1603858606259,GET,193,500
1603858606452,GET,132,500
1603858606584,GET,200,500
1603858605786,POST,78,500
1603858605864,GET,222,500
1603858606086,GET,200,500
1603858606286,GET,163,500
1603858606449,GET,101,500
1603858606550,GET,146,500
1603858605786,POST,349,500
1603858606135,GET,135,500
1603858606270,GET,175,500
1603858606445,GET,104,500
1603858606549,GET,153,500
1603858606702,GET,138,500
1603858605786,POST,82,500
1603858605868,GET,161,500
1603858606029,GET,113,500
1603858606142,GET,152,500
1603858606294,GET,181,500
1603858606475,GET,194,500
1603858605786,POST,98,500
1603858605884,GET,179,500
1603858606063,GET,261,500
1603858606324,GET,89,500
1603858606413,GET,193,500
1603858606606,GET,221,500
1603858605786,POST,77,500
1603858605863,GET,245,500
1603858606108,GET,158,500
1603858606266,GET,108,500
1603858606374,GET,321,500
1603858606695,GET,186,500
1603858605786,POST,61,500
1603858605847,GET,213,500
1603858606060,GET,274,500
1603858606334,GET,341,500
1603858606675,GET,209,500
1603858606884,GET,1177,500
1603858605786,POST,243,500
1603858606029,GET,108,500
1603858606137,GET,161,500
1603858606298,GET,185,500
1603858606483,GET,91,500
1603858606574,GET,222,500
1603858605786,POST,290,500
1603858606076,GET,305,500
1603858606381,GET,279,500
1603858606660,GET,202,500
1603858606862,GET,70,500
1603858606932,GET,1111,500
1603858605787,POST,59,500
1603858605846,GET,243,500
1603858606089,GET,304,500
1603858606393,GET,275,500
1603858606668,GET,179,500
1603858606847,GET,1205,500
1603858605787,POST,79,500
1603858605866,GET,132,500
1603858605998,GET,238,500
1603858606236,GET,131,500
1603858606367,GET,193,500
1603858606560,GET,142,500
1603858605787,POST,156,500
1603858605943,GET,218,500
1603858606161,GET,108,500
1603858606269,GET,224,500
1603858606493,GET,227,500
1603858606720,GET,143,500
1603858605787,POST,80,500
1603858605867,GET,200,500
1603858606067,GET,270,500
1603858606337,GET,326,500
1603858606663,GET,201,500
1603858606864,GET,1180,500
1603858605787,POST,83,500
1603858605870,GET,127,500
1603858605997,GET,195,500
1603858606192,GET,317,500
1603858606509,GET,195,500
1603858606704,GET,178,500
1603858605787,POST,80,500
1603858605867,GET,200,500
1603858606067,GET,288,500
1603858606355,GET,212,500
1603858606567,GET,255,500
1603858606822,GET,1245,500
1603858605788,POST,187,500
1603858605975,GET,258,500
1603858606233,GET,289,500
1603858606522,GET,180,500
1603858606702,GET,179,500
1603858606881,GET,1237,500
1603858605788,POST,130,500
1603858605918,GET,155,500
1603858606073,GET,224,500
1603858606297,GET,149,500
1603858606446,GET,125,500
1603858606571,GET,254,500
1603858605788,POST,101,500
1603858605889,GET,170,500
1603858606059,GET,200,500
1603858606259,GET,253,500
1603858606512,GET,189,500
1603858606701,GET,169,500
1603858605788,POST,67,500
1603858605855,GET,158,500
1603858606013,GET,206,500
1603858606219,GET,237,500
1603858606456,GET,94,500
1603858606550,GET,218,500
1603858605788,POST,266,500
1603858606054,GET,160,500
1603858606214,GET,239,500
1603858606453,GET,242,500
1603858606695,GET,148,500
1603858606843,GET,1225,500
1603858605788,POST,78,500
1603858605866,GET,189,500
1603858606055,GET,164,500
1603858606219,GET,229,500
1603858606448,GET,111,500
1603858606559,GET,175,500
1603858605789,POST,66,500
1603858605855,GET,147,500
1603858606002,GET,212,500
1603858606214,GET,307,500
1603858606521,GET,266,500
1603858606787,GET,1272,500
1603858605789,POST,93,500
1603858605882,GET,204,500
1603858606086,GET,216,500
1603858606302,GET,184,500
1603858606486,GET,274,500
1603858606760,GET,144,500
1603858605789,POST,92,500
1603858605881,GET,181,500
1603858606062,GET,331,500
1603858606393,GET,214,500
1603858606607,GET,233,500
1603858606840,GET,1210,500
1603858605789,POST,190,500
1603858605979,GET,234,500
1603858606213,GET,241,500
1603858606454,GET,206,500
1603858606661,GET,209,500
1603858606870,GET,1175,500
1603858605789,POST,228,500
1603858606017,GET,158,500
1603858606175,GET,110,500
1603858606285,GET,164,500
1603858606449,GET,96,500
1603858606545,GET,223,500
1603858605789,POST,93,500
1603858605882,GET,172,500
1603858606054,GET,339,500
1603858606393,GET,156,500
1603858606549,GET,210,500
1603858606759,GET,1288,500
1603858605790,POST,98,500
1603858605888,GET,145,500
1603858606033,GET,109,500
1603858606142,GET,161,500
1603858606303,GET,180,500
1603858606483,GET,180,500
1603858605790,POST,90,500
1603858605880,GET,147,500
1603858606027,GET,242,500
1603858606269,GET,144,500
1603858606413,GET,157,500
1603858606570,GET,255,500
1603858605790,POST,78,500
1603858605868,GET,198,500
1603858606066,GET,326,500
1603858606392,GET,158,500
1603858606550,GET,216,500
1603858606766,GET,1290,500
1603858605791,POST,125,500
1603858605916,GET,98,500
1603858606014,GET,230,500
1603858606244,GET,239,500
1603858606483,GET,211,500
1603858606694,GET,157,500
1603858605791,POST,304,500
1603858606095,GET,178,500
1603858606273,GET,127,500
1603858606400,GET,158,500
1603858606558,GET,145,500
1603858606703,GET,1355,500
1603858605791,POST,185,500
1603858605976,GET,267,500
1603858606243,GET,204,500
1603858606447,GET,198,500
1603858606645,GET,181,500
1603858606826,GET,1240,500
1603858605791,POST,79,500
1603858605870,GET,234,500
1603858606104,GET,252,500
1603858606356,GET,217,500
1603858606573,GET,249,500
1603858606822,GET,1219,500
1603858605791,POST,226,500
1603858606017,GET,186,500
1603858606203,GET,245,500
1603858606448,GET,192,500
1603858606640,GET,162,500
1603858606802,GET,1263,500
1603858605791,POST,78,500
1603858605869,GET,194,500
1603858606063,GET,266,500
1603858606329,GET,296,500
1603858606625,GET,196,500
1603858606821,GET,117,500
1603858605792,POST,124,500
1603858605916,GET,115,500
1603858606031,GET,207,500
1603858606238,GET,275,500
1603858606513,GET,247,500
1603858606760,GET,142,500
1603858605792,POST,181,500
1603858605973,GET,165,500
1603858606138,GET,160,500
1603858606298,GET,88,500
1603858606386,GET,264,500
1603858606650,GET,175,500
1603858605792,POST,282,500
1603858606074,GET,188,500
1603858606262,GET,246,500
1603858606508,GET,192,500
1603858606700,GET,144,500
1603858606844,GET,1207,500
1603858605792,POST,93,500
1603858605885,GET,221,500
1603858606106,GET,287,500
1603858606393,GET,156,500
1603858606549,GET,151,500
1603858606700,GET,140,500
1603858605793,POST,90,500
1603858605883,GET,91,500
1603858605974,GET,182,500
1603858606156,GET,198,500
1603858606354,GET,314,500
1603858606668,GET,215,500
1603858605793,POST,95,500
1603858605888,GET,143,500
1603858606031,GET,149,500
1603858606180,GET,88,500
1603858606268,GET,233,500
1603858606501,GET,268,500
1603858605793,POST,233,500
1603858606026,GET,264,500
1603858606290,GET,222,500
1603858606512,GET,230,500
1603858606742,GET,1316,500
1603858608058,GET,63,500
1603858605793,POST,90,500
1603858605883,GET,127,500
1603858606010,GET,192,500
1603858606202,GET,247,500
1603858606449,GET,232,500
1603858606681,GET,202,500
1603858605793,POST,127,500
1603858605920,GET,107,500
1603858606027,GET,342,500
1603858606369,GET,203,500
1603858606572,GET,231,500
1603858606803,GET,134,500
1603858605794,POST,91,500
1603858605885,GET,182,500
1603858606067,GET,256,500
1603858606323,GET,190,500
1603858606513,GET,184,500
1603858606697,GET,185,500
1603858605794,POST,76,500
1603858605870,GET,197,500
1603858606067,GET,219,500
1603858606286,GET,160,500
1603858606446,GET,194,500
1603858606640,GET,128,500
1603858605794,POST,285,500
1603858606079,GET,179,500
1603858606258,GET,235,500
1603858606493,GET,211,500
1603858606704,GET,153,500
1603858606857,GET,1187,500
1603858605794,POST,94,500
1603858605888,GET,240,500
1603858606128,GET,257,500
1603858606385,GET,180,500
1603858606565,GET,201,500
1603858606766,GET,1285,500
1603858605794,POST,106,500
1603858605900,GET,237,500
1603858606137,GET,243,500
1603858606380,GET,170,500
1603858606550,GET,152,500
1603858606702,GET,153,500
1603858605794,POST,76,500
1603858605870,GET,205,500
1603858606075,GET,248,500
1603858606323,GET,173,500
1603858606496,GET,274,500
1603858606770,GET,1277,500
1603858605794,POST,71,500
1603858605865,GET,221,500
1603858606086,GET,289,500
1603858606375,GET,230,500
1603858606605,GET,226,500
1603858606831,GET,1237,500
1603858605795,POST,332,500
1603858606127,GET,167,500
1603858606294,GET,120,500
1603858606414,GET,266,500
1603858606680,GET,204,500
1603858606884,GET,1176,500
1603858605795,POST,71,500
1603858605866,GET,196,500
1603858606062,GET,204,500
1603858606266,GET,148,500
1603858606414,GET,157,500
1603858606571,GET,234,500
1603858605795,POST,89,500
1603858605884,GET,169,500
1603858606053,GET,221,500
1603858606274,GET,171,500
1603858606445,GET,167,500
1603858606612,GET,119,500
1603858605795,POST,68,500
1603858605863,GET,238,500
1603858606101,GET,233,500
1603858606334,GET,277,500
1603858606611,GET,190,500
1603858606801,GET,1244,500
1603858605795,POST,90,500
1603858605885,GET,170,500
1603858606055,GET,140,500
1603858606195,GET,330,500
1603858606525,GET,171,500
1603858606696,GET,197,500
1603858605796,POST,202,500
1603858605998,GET,195,500
1603858606193,GET,295,500
1603858606488,GET,209,500
1603858606697,GET,1361,500
1603858608058,GET,63,500
1603858605796,POST,88,500
1603858605884,GET,175,500
1603858606059,GET,277,500
1603858606336,GET,339,500
1603858606675,GET,174,500
1603858606849,GET,1217,500
1603858605796,POST,129,500
1603858605925,GET,259,500
1603858606184,GET,262,500
1603858606446,GET,222,500
1603858606668,GET,237,500
1603858606905,GET,1157,500
1603858605796,POST,289,500
1603858606085,GET,294,500
1603858606379,GET,224,500
1603858606603,GET,221,500
1603858606824,GET,1230,500
1603858608054,GET,66,500
1603858605797,POST,330,500
1603858606127,GET,132,500
1603858606259,GET,197,500
1603858606456,GET,90,500
1603858606546,GET,213,500
1603858606759,GET,1299,500
1603858605797,POST,88,500
1603858605885,GET,225,500
1603858606110,GET,265,500
1603858606375,GET,174,500
1603858606549,GET,174,500
1603858606723,GET,151,500
1603858605797,POST,256,500
1603858606053,GET,190,500
1603858606243,GET,245,500
1603858606488,GET,209,500
1603858606697,GET,160,500
1603858606857,GET,1261,500
1603858605797,POST,126,500
1603858605923,GET,325,500
1603858606248,GET,245,500
1603858606493,GET,206,500
1603858606699,GET,175,500
1603858606874,GET,1187,500
1603858605797,POST,131,500
1603858605928,GET,218,500
1603858606146,GET,239,500
1603858606385,GET,162,500
1603858606547,GET,293,500
1603858606840,GET,1214,500
1603858605797,POST,86,500
1603858605883,GET,130,500
1603858606013,GET,129,500
1603858606142,GET,234,500
1603858606376,GET,293,500
1603858606669,GET,268,500
1603858605798,POST,277,500
1603858606075,GET,209,500
1603858606284,GET,238,500
1603858606522,GET,182,500
1603858606704,GET,147,500
1603858606851,GET,1194,500
1603858605798,POST,216,500
1603858606014,GET,188,500
1603858606202,GET,290,500
1603858606492,GET,267,500
1603858606759,GET,1288,500
1603858608047,GET,87,500
1603858605798,POST,84,500
1603858605882,GET,176,500
1603858606058,GET,204,500
1603858606262,GET,251,500
1603858606513,GET,220,500
1603858606733,GET,164,500
1603858605798,POST,85,500
1603858605883,GET,245,500
1603858606128,GET,201,500
1603858606329,GET,315,500
1603858606644,GET,157,500
1603858606801,GET,1242,500
1603858605798,POST,101,500
1603858605899,GET,191,500
1603858606090,GET,255,500
1603858606345,GET,260,500
1603858606605,GET,164,500
1603858606769,GET,1279,500
1603858605799,POST,101,500
1603858605900,GET,206,500
1603858606106,GET,165,500
1603858606271,GET,182,500
1603858606453,GET,127,500
1603858606580,GET,241,500
1603858605799,POST,66,500
1603858605865,GET,244,500
1603858606109,GET,214,500
1603858606323,GET,98,500
1603858606421,GET,261,500
1603858606682,GET,165,500
1603858605799,POST,122,500
1603858605921,GET,173,500
1603858606094,GET,163,500
1603858606257,GET,199,500
1603858606456,GET,152,500
1603858606608,GET,188,500
1603858605799,POST,119,500
1603858605918,GET,220,500
1603858606138,GET,237,500
1603858606375,GET,270,500
1603858606645,GET,151,500
1603858606796,GET,137,500
1603858605799,POST,268,500
1603858606067,GET,256,500
1603858606323,GET,210,500
1603858606533,GET,197,500
1603858606730,GET,1317,500
1603858608047,GET,72,500
1603858605799,POST,128,500
1603858605927,GET,302,500
1603858606229,GET,285,500
1603858606514,GET,251,500
1603858606765,GET,136,500
1603858606901,GET,1161,500
1603858605800,POST,127,500
1603858605927,GET,216,500
1603858606143,GET,107,500
1603858606250,GET,259,500
1603858606509,GET,259,500
1603858606768,GET,1273,500
1603858605800,POST,113,500
1603858605913,GET,225,500
1603858606138,GET,150,500
1603858606288,GET,111,500
1603858606399,GET,149,500
1603858606548,GET,174,500
1603858605800,POST,286,500
1603858606086,GET,173,500
1603858606259,GET,197,500
1603858606456,GET,116,500
1603858606572,GET,252,500
1603858606824,GET,1219,500
1603858605800,POST,306,500
1603858606106,GET,279,500
1603858606385,GET,164,500
1603858606549,GET,180,500
1603858606729,GET,1324,500
1603858608053,GET,65,500
1603858605802,POST,171,500
1603858605973,GET,263,500
1603858606236,GET,218,500
1603858606454,GET,126,500
1603858606580,GET,243,500
1603858606823,GET,1241,500
1603858605802,POST,131,500
1603858605933,GET,204,500
1603858606137,GET,255,500
1603858606392,GET,134,500
1603858606526,GET,235,500
1603858606761,GET,167,500
1603858605802,POST,208,500
1603858606010,GET,99,500
1603858606109,GET,157,500
1603858606266,GET,182,500
1603858606448,GET,211,500
1603858606659,GET,1398,500
1603858605803,POST,155,500
1603858605958,GET,178,500
1603858606136,GET,241,500
1603858606377,GET,291,500
1603858606668,GET,188,500
1603858606856,GET,1196,500
1603858605803,POST,128,500
1603858605931,GET,283,500
1603858606214,GET,185,500
1603858606399,GET,156,500
1603858606555,GET,148,500
1603858606703,GET,172,500
1603858605803,POST,155,500
1603858605958,GET,234,500
1603858606192,GET,304,500
1603858606496,GET,232,500
1603858606728,GET,165,500
1603858606893,GET,1169,500
1603858605803,POST,120,500
1603858605923,GET,261,500
1603858606184,GET,40,500
1603858606224,GET,272,500
1603858606496,GET,264,500
1603858606760,GET,132,500
1603858605803,POST,141,500
1603858605944,GET,287,500
1603858606231,GET,290,500
1603858606521,GET,180,500
1603858606701,GET,155,500
1603858606856,GET,77,500
1603858605804,POST,229,500
1603858606033,GET,168,500
1603858606201,GET,286,500
1603858606487,GET,254,500
1603858606741,GET,1307,500
1603858608048,GET,73,500
1603858605804,POST,190,500
1603858605994,GET,199,500
1603858606193,GET,321,500
1603858606514,GET,329,500
1603858606843,GET,1224,500
1603858608067,GET,52,500
1603858605805,POST,190,500
1603858605995,GET,197,500
1603858606192,GET,260,500
1603858606452,GET,132,500
1603858606584,GET,241,500
1603858606825,GET,1242,500
1603858605805,POST,195,500
1603858606000,GET,238,500
1603858606238,GET,283,500
1603858606521,GET,247,500
1603858606768,GET,1282,500
1603858608050,GET,69,500
1603858605805,POST,129,500
1603858605934,GET,285,500
1603858606219,GET,287,500
1603858606506,GET,225,500
1603858606731,GET,157,500
1603858606888,GET,1172,500
1603858605805,POST,189,500
1603858605994,GET,167,500
1603858606161,GET,224,500
1603858606385,GET,219,500
1603858606604,GET,221,500
1603858606825,GET,1240,500
1603858605805,POST,222,500
1603858606027,GET,204,500
1603858606231,GET,251,500
1603858606482,GET,159,500
1603858606641,GET,161,500
1603858606802,GET,1263,500
1603858605806,POST,353,500
1603858606159,GET,94,500
1603858606253,GET,240,500
1603858606493,GET,230,500
1603858606723,GET,1319,500
1603858608042,GET,74,500
1603858605806,POST,174,500
1603858605980,GET,248,500
1603858606228,GET,224,500
1603858606452,GET,198,500
1603858606650,GET,141,500
1603858606791,GET,1252,500
1603858605806,POST,153,500
1603858605959,GET,285,500
1603858606244,GET,211,500
1603858606455,GET,185,500
1603858606640,GET,127,500
1603858606767,GET,1286,500
1603858605807,POST,249,500
1603858606056,GET,195,500
1603858606251,GET,163,500
1603858606414,GET,235,500
1603858606649,GET,173,500
1603858606822,GET,1236,500
1603858605807,POST,173,500
1603858605980,GET,163,500
1603858606143,GET,151,500
1603858606294,GET,120,500
1603858606414,GET,227,500
1603858606641,GET,187,500
1603858606828,GET,1224,500
1603858608052,GET,76,500
1603858608128,GET,48,500
1603858608176,GET,34,500
1603858608210,GET,63,500
1603858605807,POST,148,500
1603858605955,GET,264,500
1603858606219,GET,282,500
1603858606501,GET,196,500
1603858606697,GET,159,500
1603858606856,GET,78,500
1603858606934,GET,1109,500
1603858608043,GET,78,500
1603858608121,GET,47,500
1603858608168,GET,31,500
1603858608199,GET,46,500
1603858605807,POST,221,500
1603858606028,GET,130,500
1603858606158,GET,234,500
1603858606392,GET,288,500
1603858606680,GET,208,500
1603858606888,GET,1171,500
1603858608059,GET,62,500
1603858608121,GET,62,500
1603858608183,GET,34,500
1603858608217,GET,60,500
1603858608277,GET,30,500
1603858605808,POST,125,500
1603858605933,GET,262,500
1603858606195,GET,260,500
1603858606455,GET,103,500
1603858606558,GET,201,500
1603858606759,GET,1292,500
1603858608051,GET,68,500
1603858608119,GET,58,500
1603858608177,GET,35,500
1603858608212,GET,57,500
1603858608269,GET,28,500
1603858605808,POST,164,500
1603858605972,GET,185,500
1603858606157,GET,109,500
1603858606266,GET,221,500
1603858606487,GET,213,500
1603858606700,GET,149,500
1603858606849,GET,1196,500
1603858608045,GET,83,500
1603858608128,GET,55,500
1603858608183,GET,32,500
1603858608215,GET,47,500
1603858605808,POST,140,500
1603858605948,GET,161,500
1603858606109,GET,254,500
1603858606363,GET,291,500
1603858606654,GET,169,500
1603858606823,GET,1263,500
1603858608087,GET,47,500
1603858608134,GET,32,500
1603858608166,GET,38,500
1603858608204,GET,42,500
1603858608246,GET,37,500
1603858605809,POST,166,500
1603858605975,GET,161,500
1603858606136,GET,194,500
1603858606330,GET,277,500
1603858606607,GET,198,500
1603858606805,GET,1244,500
1603858608049,GET,67,500
1603858608116,GET,37,500
1603858608153,GET,39,500
1603858608192,GET,38,500
1603858608230,GET,34,500
1603858605810,POST,263,500
1603858606073,GET,290,500
1603858606363,GET,248,500
1603858606611,GET,180,500
1603858606791,GET,1266,500
1603858608057,GET,63,500
1603858608120,GET,54,500
1603858608174,GET,39,500
1603858608213,GET,64,500
1603858608278,GET,24,500
1603858608302,GET,27,500
1603858605810,POST,149,500
1603858605959,GET,183,500
1603858606142,GET,213,500
1603858606355,GET,252,500
1603858606607,GET,160,500
1603858606767,GET,135,500
1603858606902,GET,1160,500
1603858608062,GET,54,500
1603858608116,GET,43,500
1603858608159,GET,37,500
1603858608196,GET,37,500
1603858605811,POST,256,500
1603858606067,GET,326,500
1603858606393,GET,226,500
1603858606619,GET,208,500
1603858606827,GET,1214,500
1603858608041,GET,76,500
1603858608117,GET,35,500
1603858608152,GET,43,500
1603858608195,GET,37,500
1603858608232,GET,31,500
1603858608263,GET,28,500
1603858605811,POST,145,500
1603858605956,GET,291,500
1603858606247,GET,209,500
1603858606456,GET,184,500
1603858606640,GET,156,500
1603858606796,GET,1246,500
1603858608042,GET,75,500
1603858608117,GET,35,500
1603858608152,GET,36,500
1603858608188,GET,42,500
1603858608230,GET,38,500
1603858605811,POST,162,500
1603858605973,GET,211,500
1603858606184,GET,172,500
1603858606356,GET,325,500
1603858606681,GET,201,500
1603858606882,GET,1179,500
1603858608061,GET,56,500
1603858608117,GET,115,500
1603858608232,GET,34,500
1603858608266,GET,31,500
1603858608297,GET,30,500
1603858605811,POST,121,500
1603858605932,GET,273,500
1603858606205,GET,283,500
1603858606488,GET,208,500
1603858606696,GET,205,500
1603858606901,GET,1162,500
1603858608063,GET,57,500
1603858608120,GET,39,500
1603858608159,GET,36,500
1603858608195,GET,37,500
1603858608232,GET,46,500
1603858605811,POST,245,500
1603858606056,GET,180,500
1603858606236,GET,247,500
1603858606483,GET,129,500
1603858606612,GET,155,500
1603858606767,GET,1282,500
1603858608049,GET,84,500
1603858608133,GET,31,500
1603858608164,GET,33,500
1603858608197,GET,48,500
1603858608245,GET,37,500
1603858605813,POST,242,500
1603858606055,GET,210,500
1603858606265,GET,155,500
1603858606420,GET,185,500
1603858606605,GET,219,500
1603858606824,GET,1228,500
1603858608052,GET,71,500
1603858608123,GET,60,500
1603858608183,GET,39,500
1603858608222,GET,53,500
1603858608275,GET,27,500
1603858605813,POST,272,500
1603858606085,GET,246,500
1603858606331,GET,364,500
1603858606695,GET,168,500
1603858606863,GET,1181,500
1603858608044,GET,76,500
1603858608120,GET,54,500
1603858608174,GET,31,500
1603858608205,GET,41,500
1603858608246,GET,38,500
1603858608284,GET,28,500
1603858605814,POST,145,500
1603858605959,GET,180,500
1603858606139,GET,156,500
1603858606295,GET,182,500
1603858606477,GET,204,500
1603858606681,GET,211,500
1603858606892,GET,1170,500
1603858608062,GET,59,500
1603858608121,GET,38,500
1603858608159,GET,29,500
1603858608188,GET,42,500
1603858605814,POST,160,500
1603858605974,GET,262,500
1603858606236,GET,287,500
1603858606523,GET,236,500
1603858606759,GET,1289,500
1603858608048,GET,68,500
1603858608116,GET,31,500
1603858608147,GET,48,500
1603858608195,GET,38,500
1603858608233,GET,45,500
1603858608278,GET,30,500
1603858605814,POST,156,500
1603858605970,GET,236,500
1603858606206,GET,290,500
1603858606496,GET,268,500
1603858606764,GET,125,500
1603858606889,GET,1176,500
1603858608065,GET,56,500
1603858608121,GET,52,500
1603858608173,GET,31,500
1603858608204,GET,42,500
1603858608246,GET,36,500
1603858605815,POST,156,500
1603858605971,GET,203,500
1603858606174,GET,95,500
1603858606269,GET,240,500
1603858606509,GET,220,500
1603858606729,GET,168,500
1603858606897,GET,1165,500
1603858608062,GET,59,500
1603858608121,GET,109,500
1603858608230,GET,34,500
1603858608264,GET,30,500
1603858605817,POST,152,500
1603858605969,GET,216,500
1603858606185,GET,303,500
1603858606488,GET,242,500
1603858606730,GET,164,500
1603858606894,GET,1165,500
1603858608059,GET,60,500
1603858608119,GET,58,500
1603858608177,GET,36,500
1603858608213,GET,70,500
1603858608283,GET,29,500
1603858605817,POST,146,500
1603858605963,GET,173,500
1603858606136,GET,129,500
1603858606265,GET,188,500
1603858606453,GET,243,500
1603858606696,GET,196,500
1603858606892,GET,1174,500
1603858608066,GET,24,500
1603858608090,GET,43,500
1603858608133,GET,42,500
1603858608175,GET,35,500
1603858605818,POST,139,500
1603858605957,GET,227,500
1603858606184,GET,67,500
1603858606251,GET,203,500
1603858606454,GET,210,500
1603858606664,GET,214,500
1603858606878,GET,1176,500
1603858608054,GET,65,500
1603858608119,GET,51,500
1603858608170,GET,35,500
1603858608205,GET,53,500
1603858605818,POST,141,500
1603858605959,GET,202,500
1603858606161,GET,71,500
1603858606232,GET,213,500
1603858606445,GET,126,500
1603858606571,GET,257,500
1603858606828,GET,1214,500
1603858608042,GET,76,500
1603858608118,GET,41,500
1603858608159,GET,33,500
1603858608192,GET,38,500
1603858605818,POST,163,500
1603858605981,GET,176,500
1603858606157,GET,235,500
1603858606392,GET,284,500
1603858606676,GET,207,500
1603858606883,GET,1177,500
1603858608060,GET,58,500
1603858608118,GET,56,500
1603858608174,GET,32,500
1603858608206,GET,51,500
1603858608257,GET,26,500
1603858605818,POST,162,500
1603858605980,GET,255,500
1603858606235,GET,216,500
1603858606451,GET,224,500
1603858606675,GET,229,500
1603858606904,GET,1214,500
1603858608118,GET,38,500
1603858608156,GET,32,500
1603858608188,GET,34,500
1603858608222,GET,47,500
1603858608269,GET,28,500
1603858605818,POST,130,500
1603858605948,GET,265,500
1603858606213,GET,234,500
1603858606447,GET,125,500
1603858606572,GET,256,500
1603858606828,GET,1218,500
1603858608046,GET,72,500
1603858608118,GET,31,500
1603858608149,GET,61,500
1603858608210,GET,65,500
1603858608275,GET,27,500
1603858605819,POST,181,500
1603858606000,GET,109,500
1603858606109,GET,235,500
1603858606344,GET,298,500
1603858606642,GET,161,500
1603858606803,GET,130,500
1603858606933,GET,1110,500
1603858608043,GET,78,500
1603858608121,GET,54,500
1603858608175,GET,33,500
1603858608208,GET,66,500
1603858605819,POST,126,500
1603858605945,GET,247,500
1603858606192,GET,261,500
1603858606453,GET,112,500
1603858606565,GET,246,500
1603858606811,GET,1242,500
1603858608053,GET,66,500
1603858608119,GET,63,500
1603858608182,GET,39,500
1603858608221,GET,52,500
1603858608273,GET,26,500
1603858605819,POST,213,500
1603858606032,GET,170,500
1603858606202,GET,319,500
1603858606521,GET,240,500
1603858606761,GET,1279,500
1603858608040,GET,77,500
1603858608117,GET,38,500
1603858608155,GET,40,500
1603858608195,GET,38,500
1603858608233,GET,34,500
1603858608267,GET,30,500
1603858605819,POST,127,500
1603858605946,GET,238,500
1603858606184,GET,155,500
1603858606339,GET,323,500
1603858606662,GET,186,500
1603858606848,GET,90,500
1603858606938,GET,1104,500
1603858608042,GET,91,500
1603858608133,GET,54,500
1603858608187,GET,35,500
1603858608222,GET,51,500
1603858605820,POST,176,500
1603858605996,GET,209,500
1603858606205,GET,247,500
1603858606452,GET,156,500
1603858606608,GET,195,500
1603858606803,GET,134,500
1603858606937,GET,1110,500
1603858608047,GET,72,500
1603858608119,GET,57,500
1603858608176,GET,39,500
1603858608215,GET,58,500
1603858605820,POST,150,500
1603858605970,GET,169,500
1603858606139,GET,221,500
1603858606360,GET,248,500
1603858606608,GET,232,500
1603858606840,GET,1226,500
1603858608066,GET,50,500
1603858608116,GET,34,500
1603858608150,GET,38,500
1603858608188,GET,42,500
1603858608230,GET,34,500
1603858605820,POST,140,500
1603858605960,GET,258,500
1603858606218,GET,232,500
1603858606450,GET,89,500
1603858606539,GET,164,500
1603858606703,GET,136,500
1603858606839,GET,1204,500
1603858608043,GET,74,500
1603858608117,GET,34,500
1603858608151,GET,45,500
1603858608196,GET,49,500
1603858605820,POST,107,500
1603858605927,GET,233,500
1603858606160,GET,206,500
1603858606366,GET,298,500
1603858606664,GET,214,500
1603858606878,GET,1185,500
1603858608063,GET,57,500
1603858608120,GET,53,500
1603858608173,GET,35,500
1603858608208,GET,65,500
1603858608273,GET,29,500
1603858605820,POST,155,500
1603858605975,GET,181,500
1603858606156,GET,190,500
1603858606346,GET,313,500
1603858606659,GET,204,500
1603858606863,GET,1181,500
1603858608044,GET,75,500
1603858608119,GET,57,500
1603858608176,GET,39,500
1603858608215,GET,58,500
1603858608273,GET,25,500
1603858605820,POST,125,500
1603858605945,GET,215,500
1603858606160,GET,130,500
1603858606290,GET,157,500
1603858606447,GET,158,500
1603858606605,GET,183,500
1603858606788,GET,1265,500
1603858608053,GET,65,500
1603858608118,GET,53,500
1603858608171,GET,34,500
1603858608205,GET,69,500
1603858605821,POST,193,500
1603858606014,GET,127,500
1603858606141,GET,189,500
1603858606330,GET,204,500
1603858606534,GET,166,500
1603858606700,GET,139,500
1603858606839,GET,1203,500
1603858608042,GET,76,500
1603858608118,GET,38,500
1603858608156,GET,32,500
1603858608188,GET,34,500
1603858605821,POST,178,500
1603858605999,GET,129,500
1603858606128,GET,174,500
1603858606302,GET,186,500
1603858606488,GET,213,500
1603858606701,GET,230,500
1603858606931,GET,1130,500
1603858608061,GET,59,500
1603858608120,GET,62,500
1603858608182,GET,39,500
1603858608221,GET,46,500
1603858605821,POST,127,500
1603858605948,GET,193,500
1603858606141,GET,203,500
1603858606344,GET,286,500
1603858606630,GET,166,500
1603858606796,GET,1268,500
1603858608064,GET,55,500
1603858608119,GET,58,500
1603858608177,GET,36,500
1603858608213,GET,60,500
1603858608273,GET,29,500
1603858605821,POST,126,500
1603858605947,GET,277,500
1603858606224,GET,289,500
1603858606513,GET,246,500
1603858606759,GET,1288,500
1603858608047,GET,82,500
1603858608129,GET,49,500
1603858608178,GET,34,500
1603858608212,GET,56,500
1603858608268,GET,31,500
1603858608299,GET,31,500
1603858605821,POST,176,500
1603858605997,GET,193,500
1603858606190,GET,265,500
1603858606455,GET,91,500
1603858606546,GET,175,500
1603858606721,GET,1331,500
1603858608052,GET,76,500
1603858608128,GET,41,500
1603858608169,GET,36,500
1603858608205,GET,40,500
1603858608245,GET,33,500
1603858605821,POST,106,500
1603858605927,GET,289,500
1603858606216,GET,204,500
1603858606420,GET,106,500
1603858606526,GET,175,500
1603858606701,GET,149,500
1603858606850,GET,1213,500
1603858608063,GET,52,500
1603858608115,GET,35,500
1603858608150,GET,38,500
1603858608188,GET,34,500
1603858605822,POST,104,500
1603858605926,GET,293,500
1603858606219,GET,236,500
1603858606455,GET,189,500
1603858606644,GET,152,500
1603858606796,GET,1246,500
1603858608042,GET,75,500
1603858608117,GET,47,500
1603858608164,GET,31,500
1603858608195,GET,37,500
1603858608232,GET,50,500
1603858605822,POST,153,500
1603858605975,GET,183,500
1603858606158,GET,197,500
1603858606355,GET,248,500
1603858606603,GET,222,500
1603858606825,GET,1229,500
1603858608054,GET,66,500
1603858608120,GET,62,500
1603858608182,GET,40,500
1603858608222,GET,45,500
1603858608267,GET,31,500
1603858605822,POST,174,500
1603858605996,GET,187,500
1603858606183,GET,55,500
1603858606238,GET,271,500
1603858606509,GET,261,500
1603858606770,GET,1282,500
1603858608052,GET,72,500
1603858608124,GET,54,500
1603858608178,GET,43,500
1603858608221,GET,40,500
1603858608261,GET,25,500
1603858605822,POST,168,500
1603858605990,GET,224,500
1603858606214,GET,186,500
1603858606400,GET,269,500
1603858606669,GET,214,500
1603858606883,GET,1166,500
1603858608049,GET,79,500
1603858608128,GET,38,500
1603858608166,GET,29,500
1603858608195,GET,50,500
1603858608245,GET,34,500
1603858605822,POST,157,500
1603858605979,GET,221,500
1603858606200,GET,257,500
1603858606457,GET,81,500
1603858606538,GET,220,500
1603858606758,GET,172,500
1603858606930,GET,1112,500
1603858608042,GET,76,500
1603858608118,GET,31,500
1603858608149,GET,45,500
1603858608194,GET,39,500
1603858605823,POST,179,500
1603858606002,GET,240,500
1603858606242,GET,245,500
1603858606487,GET,255,500
1603858606742,GET,1302,500
1603858608044,GET,72,500
1603858608116,GET,39,500
1603858608155,GET,33,500
1603858608188,GET,35,500
1603858608223,GET,51,500
1603858608274,GET,26,500
1603858605823,POST,176,500
1603858605999,GET,225,500
1603858606224,GET,282,500
1603858606506,GET,225,500
1603858606731,GET,1324,500
1603858608055,GET,74,500
1603858608129,GET,37,500
1603858608166,GET,31,500
1603858608197,GET,48,500
1603858608245,GET,37,500
1603858608282,GET,34,500
1603858605823,POST,153,500
1603858605976,GET,162,500
1603858606138,GET,165,500
1603858606303,GET,116,500
1603858606419,GET,140,500
1603858606559,GET,138,500
1603858606697,GET,154,500
1603858606851,GET,1200,500
1603858608051,GET,70,500
1603858608121,GET,49,500
1603858608170,GET,35,500
1603858605823,POST,171,500
1603858605994,GET,233,500
1603858606227,GET,224,500
1603858606451,GET,225,500
1603858606676,GET,180,500
1603858606856,GET,1189,500
1603858608045,GET,83,500
1603858608128,GET,39,500
1603858608167,GET,32,500
1603858608199,GET,36,500
1603858608235,GET,29,500
1603858605823,POST,110,500
1603858605933,GET,260,500
1603858606193,GET,313,500
1603858606506,GET,196,500
1603858606702,GET,149,500
1603858606851,GET,1193,500
1603858608044,GET,73,500
1603858608117,GET,34,500
1603858608151,GET,43,500
1603858608194,GET,39,500
1603858608233,GET,33,500
1603858605824,POST,132,500
1603858605956,GET,275,500
1603858606231,GET,221,500
1603858606452,GET,150,500
1603858606602,GET,237,500
1603858606839,GET,1207,500
1603858608046,GET,83,500
1603858608129,GET,38,500
1603858608167,GET,30,500
1603858608197,GET,35,500
1603858608232,GET,34,500
1603858605824,POST,108,500
1603858605932,GET,229,500
1603858606161,GET,217,500
1603858606378,GET,180,500
1603858606558,GET,145,500
1603858606703,GET,179,500
1603858606882,GET,1183,500
1603858608065,GET,54,500
1603858608119,GET,60,500
1603858608179,GET,39,500
1603858608218,GET,55,500
1603858605824,POST,151,500
1603858605975,GET,217,500
1603858606192,GET,264,500
1603858606456,GET,92,500
1603858606548,GET,85,500
1603858606633,GET,173,500
1603858606806,GET,1248,500
1603858608054,GET,69,500
1603858608123,GET,43,500
1603858608166,GET,30,500
1603858608196,GET,37,500
1603858605825,POST,168,500
1603858605993,GET,150,500
1603858606143,GET,119,500
1603858606262,GET,184,500
1603858606446,GET,214,500
1603858606660,GET,1398,500
1603858608058,GET,62,500
1603858608120,GET,59,500
1603858608179,GET,42,500
1603858608221,GET,54,500
1603858608275,GET,24,500
1603858605826,POST,174,500
1603858606000,GET,214,500
1603858606214,GET,155,500
1603858606369,GET,196,500
1603858606565,GET,204,500
1603858606769,GET,1279,500
1603858608048,GET,71,500
1603858608119,GET,40,500
1603858608159,GET,45,500
1603858608204,GET,33,500
1603858608237,GET,48,500
1603858605826,POST,146,500
1603858605972,GET,170,500
1603858606142,GET,192,500
1603858606334,GET,192,500
1603858606526,GET,195,500
1603858606721,GET,168,500
1603858606889,GET,1172,500
1603858608061,GET,63,500
1603858608124,GET,46,500
1603858608170,GET,35,500
1603858608205,GET,40,500
1603858605826,POST,146,500
1603858605972,GET,264,500
1603858606236,GET,166,500
1603858606402,GET,147,500
1603858606549,GET,151,500
1603858606700,GET,148,500
1603858606848,GET,1208,500
1603858608056,GET,65,500
1603858608121,GET,49,500
1603858608170,GET,35,500
1603858608205,GET,52,500
1603858605827,POST,146,500
1603858605973,GET,183,500
1603858606156,GET,110,500
1603858606266,GET,191,500
1603858606457,GET,89,500
1603858606546,GET,214,500
1603858606760,GET,1284,500
1603858608044,GET,89,500
1603858608133,GET,31,500
1603858608164,GET,35,500
1603858608199,GET,33,500
1603858605827,POST,119,500
1603858605946,GET,214,500
1603858606160,GET,180,500
1603858606340,GET,206,500
1603858606546,GET,185,500
1603858606731,GET,1324,500
1603858608055,GET,63,500
1603858608118,GET,64,500
1603858608182,GET,41,500
1603858608223,GET,43,500
1603858608266,GET,31,500
1603858605827,POST,117,500
1603858605944,GET,299,500
1603858606243,GET,264,500
1603858606507,GET,126,500
1603858606633,GET,193,500
1603858606826,GET,106,500
1603858606932,GET,1111,500
1603858608043,GET,74,500
1603858608117,GET,36,500
1603858608153,GET,41,500
1603858608194,GET,39,500
1603858605827,POST,120,500
1603858605947,GET,192,500
1603858606139,GET,239,500
1603858606378,GET,160,500
1603858606538,GET,183,500
1603858606721,GET,136,500
1603858606857,GET,77,500
1603858606934,GET,1106,500
1603858608040,GET,77,500
1603858608117,GET,37,500
1603858608154,GET,40,500
